Workload,AoS_time_s,SoA_time_s,Speedup (AoS/SoA)
KE sum,0.056257189999996626,0.003349246999988509,16.796966601803224
Scale update,0.10322898999999097,0.0009862609999800043,104.66701005320485
Filter+aggregate,0.05819048300000418,0.005066920999979629,11.484387264028415
